<?xml version="1.0" encoding="UTF-8" standalone="yes"?>
<addon id="repository.malayxbmc.addons" name="Malaysia XBMC Addon Repository" version="1.0.0">
	<extension point="xbmc.addon.repository" name="Malaysia XBMC Addon Repository">
		<info compressed="false">https://raw.githubusercontent.com/frodomaster/malay-video-online/master/addons.xml</info>
		<checksum>https://raw.githubusercontent.com/frodomaster/malay-video-online/master/addons.xml.md5</checksum>
		<datadir zip="true">https://raw.githubusercontent.com/frodomaster/malay-video-online/master/</datadir>
	</extension>
	<extension point="xbmc.addon.metadata">
		<summary>Non official Malaysia made add-ons XBMC repository.</summary>
		<description>Add-ons for XBMC, all made by Malaysian members.</description>
		<disclaimer>Show your support.</disclaimer>
		<platform>all</platform>
	</extension>
</addon>