<?xml version="1.0" encoding="UTF-8"?>
    <addon id="repository.malayxbmc.addons" name="Malaysia XBMC Addon Repository" version="1.0.2" provider-name="frodomaster">
        <requires>
            <import addon="xbmc.addon" version="12.0.0"/>
        </requires>
        <extension point="xbmc.addon.repository" name="Malaysia XBMC Addon Repository">
            <info compressed="false">http://selangit.org/master/repo/addons.xml</info>
            <checksum>http://selangit.org/master/repo/addons.xml.md5</checksum>
            <datadir zip="true">http://selangit.org/master/repo/</datadir>
            <hashes>false</hashes>
        </extension>
        <extension point="xbmc.addon.metadata">
            <summary>Non official Malaysia made add-ons XBMC repository.</summary>
            <description>Add-ons for XBMC, all made by Malaysian members.</description>
            <platform>all</platform>
    </extension>
</addon>